record_id,record_description,st_template_version,st_panel_code,tumor,dose,schedule,st_passage,transplant_date,treatment_date,treatment_end_date,technician,study_end_date,group,dataset,dataset_date,day,mouse,diameter_x,diameter_y,unexpect_event,event_comment,reason,status,weight,cage_a_wt,cage_b_wt,solid_tumor_data_complete,record_complete,redcap_event_name
1816-OS33-1-A0-A1,Data - Solid Tumor ,Version 1.4,1816-OS33-1,OS33,5ml/kg,Day 0 x1,14,10/27/2020,11/30/2020,,zhang,2/22/2021,A,Time point 1,11/30/2020,0,A1,6.09,5.93,,,,,19,91,97,2,2,sarcoma_and_renal_arm_6
1816-OS33-1-A0-A2,Data - Solid Tumor ,Version 1.4,1816-OS33-1,OS33,5ml/kg,Day 0 x1,14,10/27/2020,11/30/2020,,zhang,2/22/2021,A,Time point 1,11/30/2020,0,A2,6.11,5.67,,,,,17,91,97,2,2,sarcoma_and_renal_arm_6
1816-OS33-1-A0-A3,Data - Solid Tumor ,Version 1.4,1816-OS33-1,OS33,5ml/kg,Day 0 x1,14,10/27/2020,11/30/2020,,zhang,2/22/2021,A,Time point 1,11/30/2020,0,A3,6.48,6.17,,,,,18,91,97,2,2,sarcoma_and_renal_arm_6
1816-OS33-1-A0-A4,Data - Solid Tumor ,Version 1.4,1816-OS33-1,OS33,5ml/kg,Day 0 x1,14,10/27/2020,11/30/2020,,zhang,2/22/2021,A,Time point 1,11/30/2020,0,A4,6.22,5.98,,,,,18,91,97,2,2,sarcoma_and_renal_arm_6
1816-OS33-1-A0-A5,Data - Solid Tumor ,Version 1.4,1816-OS33-1,OS33,5ml/kg,Day 0 x1,14,10/27/2020,11/30/2020,,zhang,2/22/2021,A,Time point 1,11/30/2020,0,A5,5.46,5.39,,,,,19,91,97,2,2,sarcoma_and_renal_arm_6
1816-OS33-1-A0-B1,Data - Solid Tumor ,Version 1.4,1816-OS33-1,OS33,5ml/kg,Day 0 x1,14,10/27/2020,11/30/2020,,zhang,2/22/2021,A,Time point 1,11/30/2020,0,B1,6.27,5.81,,,,,20,91,97,2,2,sarcoma_and_renal_arm_6
1816-OS33-1-A0-B2,Data - Solid Tumor ,Version 1.4,1816-OS33-1,OS33,5ml/kg,Day 0 x1,14,10/27/2020,11/30/2020,,zhang,2/22/2021,A,Time point 1,11/30/2020,0,B2,6.58,6.09,,,,,18,91,97,2,2,sarcoma_and_renal_arm_6
1816-OS33-1-A0-B3,Data - Solid Tumor ,Version 1.4,1816-OS33-1,OS33,5ml/kg,Day 0 x1,14,10/27/2020,11/30/2020,,zhang,2/22/2021,A,Time point 1,11/30/2020,0,B3,6.25,5.94,,,,,20,91,97,2,2,sarcoma_and_renal_arm_6
1816-OS33-1-A0-B4,Data - Solid Tumor ,Version 1.4,1816-OS33-1,OS33,5ml/kg,Day 0 x1,14,10/27/2020,11/30/2020,,zhang,2/22/2021,A,Time point 1,11/30/2020,0,B4,6.18,5.89,,,,,19,91,97,2,2,sarcoma_and_renal_arm_6
1816-OS33-1-A0-B5,Data - Solid Tumor ,Version 1.4,1816-OS33-1,OS33,5ml/kg,Day 0 x1,14,10/27/2020,11/30/2020,,zhang,2/22/2021,A,Time point 1,11/30/2020,0,B5,5.87,5.57,,,,,20,91,97,2,2,sarcoma_and_renal_arm_6
1816-OS33-1-A7-A1,Data - Solid Tumor ,Version 1.4,1816-OS33-1,OS33,5ml/kg,Day 0 x1,14,10/27/2020,11/30/2020,,zhang,2/22/2021,A,Time point 2,12/7/2020,7,A1,6.95,6.21,,,,,19,95,97,2,2,sarcoma_and_renal_arm_6
1816-OS33-1-A7-A2,Data - Solid Tumor ,Version 1.4,1816-OS33-1,OS33,5ml/kg,Day 0 x1,14,10/27/2020,11/30/2020,,zhang,2/22/2021,A,Time point 2,12/7/2020,7,A2,6.63,6.15,,,,,18,95,97,2,2,sarcoma_and_renal_arm_6
1816-OS33-1-A7-A3,Data - Solid Tumor ,Version 1.4,1816-OS33-1,OS33,5ml/kg,Day 0 x1,14,10/27/2020,11/30/2020,,zhang,2/22/2021,A,Time point 2,12/7/2020,7,A3,7.95,7.63,,,,,20,95,97,2,2,sarcoma_and_renal_arm_6
1816-OS33-1-A7-A4,Data - Solid Tumor ,Version 1.4,1816-OS33-1,OS33,5ml/kg,Day 0 x1,14,10/27/2020,11/30/2020,,zhang,2/22/2021,A,Time point 2,12/7/2020,7,A4,8.49,7.59,,,,,19,95,97,2,2,sarcoma_and_renal_arm_6
1816-OS33-1-A7-A5,Data - Solid Tumor ,Version 1.4,1816-OS33-1,OS33,5ml/kg,Day 0 x1,14,10/27/2020,11/30/2020,,zhang,2/22/2021,A,Time point 2,12/7/2020,7,A5,6.19,6.11,,,,,19,95,97,2,2,sarcoma_and_renal_arm_6
1816-OS33-1-A7-B1,Data - Solid Tumor ,Version 1.4,1816-OS33-1,OS33,5ml/kg,Day 0 x1,14,10/27/2020,11/30/2020,,zhang,2/22/2021,A,Time point 2,12/7/2020,7,B1,7.06,6.81,,,,,19,95,97,2,2,sarcoma_and_renal_arm_6
1816-OS33-1-A7-B2,Data - Solid Tumor ,Version 1.4,1816-OS33-1,OS33,5ml/kg,Day 0 x1,14,10/27/2020,11/30/2020,,zhang,2/22/2021,A,Time point 2,12/7/2020,7,B2,8.09,7.11,,,,,19,95,97,2,2,sarcoma_and_renal_arm_6
1816-OS33-1-A7-B3,Data - Solid Tumor ,Version 1.4,1816-OS33-1,OS33,5ml/kg,Day 0 x1,14,10/27/2020,11/30/2020,,zhang,2/22/2021,A,Time point 2,12/7/2020,7,B3,7.95,6.88,,,,,20,95,97,2,2,sarcoma_and_renal_arm_6
1816-OS33-1-A7-B4,Data - Solid Tumor ,Version 1.4,1816-OS33-1,OS33,5ml/kg,Day 0 x1,14,10/27/2020,11/30/2020,,zhang,2/22/2021,A,Time point 2,12/7/2020,7,B4,7.17,6.84,,,,,19,95,97,2,2,sarcoma_and_renal_arm_6
1816-OS33-1-A7-B5,Data - Solid Tumor ,Version 1.4,1816-OS33-1,OS33,5ml/kg,Day 0 x1,14,10/27/2020,11/30/2020,,zhang,2/22/2021,A,Time point 2,12/7/2020,7,B5,6.78,6.58,,,,,20,95,97,2,2,sarcoma_and_renal_arm_6
1816-OS33-1-A14-A1,Data - Solid Tumor ,Version 1.4,1816-OS33-1,OS33,5ml/kg,Day 0 x1,14,10/27/2020,11/30/2020,,zhang,2/22/2021,A,Time point 3,12/14/2020,14,A1,7.52,7.46,,,,,20,96,98,2,2,sarcoma_and_renal_arm_6
1816-OS33-1-A14-A2,Data - Solid Tumor ,Version 1.4,1816-OS33-1,OS33,5ml/kg,Day 0 x1,14,10/27/2020,11/30/2020,,zhang,2/22/2021,A,Time point 3,12/14/2020,14,A2,7.26,6.78,,,,,18,96,98,2,2,sarcoma_and_renal_arm_6
1816-OS33-1-A14-A3,Data - Solid Tumor ,Version 1.4,1816-OS33-1,OS33,5ml/kg,Day 0 x1,14,10/27/2020,11/30/2020,,zhang,2/22/2021,A,Time point 3,12/14/2020,14,A3,9.62,8.97,,,,,20,96,98,2,2,sarcoma_and_renal_arm_6
1816-OS33-1-A14-A4,Data - Solid Tumor ,Version 1.4,1816-OS33-1,OS33,5ml/kg,Day 0 x1,14,10/27/2020,11/30/2020,,zhang,2/22/2021,A,Time point 3,12/14/2020,14,A4,10.12,9.03,,,,,18,96,98,2,2,sarcoma_and_renal_arm_6
1816-OS33-1-A14-A5,Data - Solid Tumor ,Version 1.4,1816-OS33-1,OS33,5ml/kg,Day 0 x1,14,10/27/2020,11/30/2020,,zhang,2/22/2021,A,Time point 3,12/14/2020,14,A5,6.91,6.74,,,,,20,96,98,2,2,sarcoma_and_renal_arm_6
1816-OS33-1-A14-B1,Data - Solid Tumor ,Version 1.4,1816-OS33-1,OS33,5ml/kg,Day 0 x1,14,10/27/2020,11/30/2020,,zhang,2/22/2021,A,Time point 3,12/14/2020,14,B1,8.48,7.98,,,,,19,96,98,2,2,sarcoma_and_renal_arm_6
1816-OS33-1-A14-B2,Data - Solid Tumor ,Version 1.4,1816-OS33-1,OS33,5ml/kg,Day 0 x1,14,10/27/2020,11/30/2020,,zhang,2/22/2021,A,Time point 3,12/14/2020,14,B2,9.85,8.23,,,,,19,96,98,2,2,sarcoma_and_renal_arm_6
1816-OS33-1-A14-B3,Data - Solid Tumor ,Version 1.4,1816-OS33-1,OS33,5ml/kg,Day 0 x1,14,10/27/2020,11/30/2020,,zhang,2/22/2021,A,Time point 3,12/14/2020,14,B3,9.49,8.88,,,,,20,96,98,2,2,sarcoma_and_renal_arm_6
1816-OS33-1-A14-B4,Data - Solid Tumor ,Version 1.4,1816-OS33-1,OS33,5ml/kg,Day 0 x1,14,10/27/2020,11/30/2020,,zhang,2/22/2021,A,Time point 3,12/14/2020,14,B4,8.33,8.18,,,,,20,96,98,2,2,sarcoma_and_renal_arm_6
1816-OS33-1-A14-B5,Data - Solid Tumor ,Version 1.4,1816-OS33-1,OS33,5ml/kg,Day 0 x1,14,10/27/2020,11/30/2020,,zhang,2/22/2021,A,Time point 3,12/14/2020,14,B5,7.88,7.72,,,,,20,96,98,2,2,sarcoma_and_renal_arm_6
1816-OS33-1-A21-A1,Data - Solid Tumor ,Version 1.4,1816-OS33-1,OS33,5ml/kg,Day 0 x1,14,10/27/2020,11/30/2020,,zhang,2/22/2021,A,Time point 4,12/21/2020,21,A1,9.99,9.42,,,,,21,98,101,2,2,sarcoma_and_renal_arm_6
1816-OS33-1-A21-A2,Data - Solid Tumor ,Version 1.4,1816-OS33-1,OS33,5ml/kg,Day 0 x1,14,10/27/2020,11/30/2020,,zhang,2/22/2021,A,Time point 4,12/21/2020,21,A2,9.31,8.21,,,,,18,98,101,2,2,sarcoma_and_renal_arm_6
1816-OS33-1-A21-A3,Data - Solid Tumor ,Version 1.4,1816-OS33-1,OS33,5ml/kg,Day 0 x1,14,10/27/2020,11/30/2020,,zhang,2/22/2021,A,Time point 4,12/21/2020,21,A3,11.05,10.81,,,,,20,98,101,2,2,sarcoma_and_renal_arm_6
1816-OS33-1-A21-A4,Data - Solid Tumor ,Version 1.4,1816-OS33-1,OS33,5ml/kg,Day 0 x1,14,10/27/2020,11/30/2020,,zhang,2/22/2021,A,Time point 4,12/21/2020,21,A4,12.21,11.15,,,,,19,98,101,2,2,sarcoma_and_renal_arm_6
1816-OS33-1-A21-A5,Data - Solid Tumor ,Version 1.4,1816-OS33-1,OS33,5ml/kg,Day 0 x1,14,10/27/2020,11/30/2020,,zhang,2/22/2021,A,Time point 4,12/21/2020,21,A5,8.12,7.66,,,,,20,98,101,2,2,sarcoma_and_renal_arm_6
1816-OS33-1-A21-B1,Data - Solid Tumor ,Version 1.4,1816-OS33-1,OS33,5ml/kg,Day 0 x1,14,10/27/2020,11/30/2020,,zhang,2/22/2021,A,Time point 4,12/21/2020,21,B1,10.18,10.04,,,,,20,98,101,2,2,sarcoma_and_renal_arm_6
1816-OS33-1-A21-B2,Data - Solid Tumor ,Version 1.4,1816-OS33-1,OS33,5ml/kg,Day 0 x1,14,10/27/2020,11/30/2020,,zhang,2/22/2021,A,Time point 4,12/21/2020,21,B2,11.87,9.64,,,,,19,98,101,2,2,sarcoma_and_renal_arm_6
1816-OS33-1-A21-B3,Data - Solid Tumor ,Version 1.4,1816-OS33-1,OS33,5ml/kg,Day 0 x1,14,10/27/2020,11/30/2020,,zhang,2/22/2021,A,Time point 4,12/21/2020,21,B3,12.51,11.79,,,,,21,98,101,2,2,sarcoma_and_renal_arm_6
1816-OS33-1-A21-B4,Data - Solid Tumor ,Version 1.4,1816-OS33-1,OS33,5ml/kg,Day 0 x1,14,10/27/2020,11/30/2020,,zhang,2/22/2021,A,Time point 4,12/21/2020,21,B4,10.73,10.51,,,,,20,98,101,2,2,sarcoma_and_renal_arm_6
1816-OS33-1-A21-B5,Data - Solid Tumor ,Version 1.4,1816-OS33-1,OS33,5ml/kg,Day 0 x1,14,10/27/2020,11/30/2020,,zhang,2/22/2021,A,Time point 4,12/21/2020,21,B5,9.98,9.41,,,,,21,98,101,2,2,sarcoma_and_renal_arm_6
1816-OS33-1-A28-A2,Data - Solid Tumor ,Version 1.4,1816-OS33-1,OS33,5ml/kg,Day 0 x1,14,10/27/2020,11/30/2020,,zhang,2/22/2021,A,Time point 5,12/28/2020,28,A2,10.89,9.56,,,,,19,38,0,2,2,sarcoma_and_renal_arm_6
1816-OS33-1-A28-A5,Data - Solid Tumor ,Version 1.4,1816-OS33-1,OS33,5ml/kg,Day 0 x1,14,10/27/2020,11/30/2020,,zhang,2/22/2021,A,Time point 5,12/28/2020,28,A5,9.78,9.59,,,,,19,38,0,2,2,sarcoma_and_renal_arm_6
1816-OS33-1-B0-A1,Data - Solid Tumor ,Version 1.4,1816-OS33-1,OS33,MGC018 6mg/kg  IP,Day 0 x1,14,10/27/2020,11/30/2020,11/30/2020,zhang,2/22/2021,B,Time point 1,11/30/2020,0,A1,6.02,5.58,,,,,18,90,92,2,2,sarcoma_and_renal_arm_6
1816-OS33-1-B0-A2,Data - Solid Tumor ,Version 1.4,1816-OS33-1,OS33,MGC018 6mg/kg  IP,Day 0 x1,14,10/27/2020,11/30/2020,11/30/2020,zhang,2/22/2021,B,Time point 1,11/30/2020,0,A2,6.53,6.12,,,,,18,90,92,2,2,sarcoma_and_renal_arm_6
1816-OS33-1-B0-A3,Data - Solid Tumor ,Version 1.4,1816-OS33-1,OS33,MGC018 6mg/kg  IP,Day 0 x1,14,10/27/2020,11/30/2020,11/30/2020,zhang,2/22/2021,B,Time point 1,11/30/2020,0,A3,6.14,5.88,,,,,17,90,92,2,2,sarcoma_and_renal_arm_6
1816-OS33-1-B0-A4,Data - Solid Tumor ,Version 1.4,1816-OS33-1,OS33,MGC018 6mg/kg  IP,Day 0 x1,14,10/27/2020,11/30/2020,11/30/2020,zhang,2/22/2021,B,Time point 1,11/30/2020,0,A4,6.02,5.93,,,,,18,90,92,2,2,sarcoma_and_renal_arm_6
1816-OS33-1-B0-A5,Data - Solid Tumor ,Version 1.4,1816-OS33-1,OS33,MGC018 6mg/kg  IP,Day 0 x1,14,10/27/2020,11/30/2020,11/30/2020,zhang,2/22/2021,B,Time point 1,11/30/2020,0,A5,6.18,5.93,,,,,19,90,92,2,2,sarcoma_and_renal_arm_6
1816-OS33-1-B0-B1,Data - Solid Tumor ,Version 1.4,1816-OS33-1,OS33,MGC018 6mg/kg  IP,Day 0 x1,14,10/27/2020,11/30/2020,11/30/2020,zhang,2/22/2021,B,Time point 1,11/30/2020,0,B1,6.01,5.49,,,,,18,90,92,2,2,sarcoma_and_renal_arm_6
1816-OS33-1-B0-B2,Data - Solid Tumor ,Version 1.4,1816-OS33-1,OS33,MGC018 6mg/kg  IP,Day 0 x1,14,10/27/2020,11/30/2020,11/30/2020,zhang,2/22/2021,B,Time point 1,11/30/2020,0,B2,6.25,6.09,,,,,20,90,92,2,2,sarcoma_and_renal_arm_6
1816-OS33-1-B0-B3,Data - Solid Tumor ,Version 1.4,1816-OS33-1,OS33,MGC018 6mg/kg  IP,Day 0 x1,14,10/27/2020,11/30/2020,11/30/2020,zhang,2/22/2021,B,Time point 1,11/30/2020,0,B3,5.97,5.49,,,,,18,90,92,2,2,sarcoma_and_renal_arm_6
1816-OS33-1-B0-B4,Data - Solid Tumor ,Version 1.4,1816-OS33-1,OS33,MGC018 6mg/kg  IP,Day 0 x1,14,10/27/2020,11/30/2020,11/30/2020,zhang,2/22/2021,B,Time point 1,11/30/2020,0,B4,6.18,5.56,,,,,19,90,92,2,2,sarcoma_and_renal_arm_6
1816-OS33-1-B0-B5,Data - Solid Tumor ,Version 1.4,1816-OS33-1,OS33,MGC018 6mg/kg  IP,Day 0 x1,14,10/27/2020,11/30/2020,11/30/2020,zhang,2/22/2021,B,Time point 1,11/30/2020,0,B5,5.89,5.61,,,,,17,90,92,2,2,sarcoma_and_renal_arm_6
1816-OS33-1-B7-A1,Data - Solid Tumor ,Version 1.4,1816-OS33-1,OS33,MGC018 6mg/kg  IP,Day 0 x1,14,10/27/2020,11/30/2020,11/30/2020,zhang,2/22/2021,B,Time point 2,12/7/2020,7,A1,5.25,5.13,,,,,17,89,90,2,2,sarcoma_and_renal_arm_6
1816-OS33-1-B7-A2,Data - Solid Tumor ,Version 1.4,1816-OS33-1,OS33,MGC018 6mg/kg  IP,Day 0 x1,14,10/27/2020,11/30/2020,11/30/2020,zhang,2/22/2021,B,Time point 2,12/7/2020,7,A2,7.66,7.51,,,,,18,89,90,2,2,sarcoma_and_renal_arm_6
1816-OS33-1-B7-A3,Data - Solid Tumor ,Version 1.4,1816-OS33-1,OS33,MGC018 6mg/kg  IP,Day 0 x1,14,10/27/2020,11/30/2020,11/30/2020,zhang,2/22/2021,B,Time point 2,12/7/2020,7,A3,5.86,5.81,,,,,18,89,90,2,2,sarcoma_and_renal_arm_6
1816-OS33-1-B7-A4,Data - Solid Tumor ,Version 1.4,1816-OS33-1,OS33,MGC018 6mg/kg  IP,Day 0 x1,14,10/27/2020,11/30/2020,11/30/2020,zhang,2/22/2021,B,Time point 2,12/7/2020,7,A4,6.53,6.36,,,,,18,89,90,2,2,sarcoma_and_renal_arm_6
1816-OS33-1-B7-A5,Data - Solid Tumor ,Version 1.4,1816-OS33-1,OS33,MGC018 6mg/kg  IP,Day 0 x1,14,10/27/2020,11/30/2020,11/30/2020,zhang,2/22/2021,B,Time point 2,12/7/2020,7,A5,6.34,6.31,,,,,18,89,90,2,2,sarcoma_and_renal_arm_6
1816-OS33-1-B7-B1,Data - Solid Tumor ,Version 1.4,1816-OS33-1,OS33,MGC018 6mg/kg  IP,Day 0 x1,14,10/27/2020,11/30/2020,11/30/2020,zhang,2/22/2021,B,Time point 2,12/7/2020,7,B1,6.06,5.71,,,,,17,89,90,2,2,sarcoma_and_renal_arm_6
1816-OS33-1-B7-B2,Data - Solid Tumor ,Version 1.4,1816-OS33-1,OS33,MGC018 6mg/kg  IP,Day 0 x1,14,10/27/2020,11/30/2020,11/30/2020,zhang,2/22/2021,B,Time point 2,12/7/2020,7,B2,7.34,6.43,,,,,19,89,90,2,2,sarcoma_and_renal_arm_6
1816-OS33-1-B7-B3,Data - Solid Tumor ,Version 1.4,1816-OS33-1,OS33,MGC018 6mg/kg  IP,Day 0 x1,14,10/27/2020,11/30/2020,11/30/2020,zhang,2/22/2021,B,Time point 2,12/7/2020,7,B3,6.14,6.09,,,,,18,89,90,2,2,sarcoma_and_renal_arm_6
1816-OS33-1-B7-B4,Data - Solid Tumor ,Version 1.4,1816-OS33-1,OS33,MGC018 6mg/kg  IP,Day 0 x1,14,10/27/2020,11/30/2020,11/30/2020,zhang,2/22/2021,B,Time point 2,12/7/2020,7,B4,6.71,6.12,,,,,18,89,90,2,2,sarcoma_and_renal_arm_6
1816-OS33-1-B7-B5,Data - Solid Tumor ,Version 1.4,1816-OS33-1,OS33,MGC018 6mg/kg  IP,Day 0 x1,14,10/27/2020,11/30/2020,11/30/2020,zhang,2/22/2021,B,Time point 2,12/7/2020,7,B5,6.35,5.65,,,,,18,89,90,2,2,sarcoma_and_renal_arm_6
1816-OS33-1-B14-A1,Data - Solid Tumor ,Version 1.4,1816-OS33-1,OS33,MGC018 6mg/kg  IP,Day 0 x1,14,10/27/2020,11/30/2020,11/30/2020,zhang,2/22/2021,B,Time point 3,12/14/2020,14,A1,4.95,4.82,,,,,17,90,91,2,2,sarcoma_and_renal_arm_6
1816-OS33-1-B14-A2,Data - Solid Tumor ,Version 1.4,1816-OS33-1,OS33,MGC018 6mg/kg  IP,Day 0 x1,14,10/27/2020,11/30/2020,11/30/2020,zhang,2/22/2021,B,Time point 3,12/14/2020,14,A2,8.72,8.34,,,,,18,90,91,2,2,sarcoma_and_renal_arm_6
1816-OS33-1-B14-A3,Data - Solid Tumor ,Version 1.4,1816-OS33-1,OS33,MGC018 6mg/kg  IP,Day 0 x1,14,10/27/2020,11/30/2020,11/30/2020,zhang,2/22/2021,B,Time point 3,12/14/2020,14,A3,5.59,5.44,,,,,18,90,91,2,2,sarcoma_and_renal_arm_6
1816-OS33-1-B14-A4,Data - Solid Tumor ,Version 1.4,1816-OS33-1,OS33,MGC018 6mg/kg  IP,Day 0 x1,14,10/27/2020,11/30/2020,11/30/2020,zhang,2/22/2021,B,Time point 3,12/14/2020,14,A4,6.38,5.76,,,,,19,90,91,2,2,sarcoma_and_renal_arm_6
1816-OS33-1-B14-A5,Data - Solid Tumor ,Version 1.4,1816-OS33-1,OS33,MGC018 6mg/kg  IP,Day 0 x1,14,10/27/2020,11/30/2020,11/30/2020,zhang,2/22/2021,B,Time point 3,12/14/2020,14,A5,5.88,5.77,,,,,18,90,91,2,2,sarcoma_and_renal_arm_6
1816-OS33-1-B14-B1,Data - Solid Tumor ,Version 1.4,1816-OS33-1,OS33,MGC018 6mg/kg  IP,Day 0 x1,14,10/27/2020,11/30/2020,11/30/2020,zhang,2/22/2021,B,Time point 3,12/14/2020,14,B1,5.99,5.65,,,,,17,90,91,2,2,sarcoma_and_renal_arm_6
1816-OS33-1-B14-B2,Data - Solid Tumor ,Version 1.4,1816-OS33-1,OS33,MGC018 6mg/kg  IP,Day 0 x1,14,10/27/2020,11/30/2020,11/30/2020,zhang,2/22/2021,B,Time point 3,12/14/2020,14,B2,7.27,6.46,,,,,20,90,91,2,2,sarcoma_and_renal_arm_6
1816-OS33-1-B14-B3,Data - Solid Tumor ,Version 1.4,1816-OS33-1,OS33,MGC018 6mg/kg  IP,Day 0 x1,14,10/27/2020,11/30/2020,11/30/2020,zhang,2/22/2021,B,Time point 3,12/14/2020,14,B3,5.95,5.68,,,,,18,90,91,2,2,sarcoma_and_renal_arm_6
1816-OS33-1-B14-B4,Data - Solid Tumor ,Version 1.4,1816-OS33-1,OS33,MGC018 6mg/kg  IP,Day 0 x1,14,10/27/2020,11/30/2020,11/30/2020,zhang,2/22/2021,B,Time point 3,12/14/2020,14,B4,6.44,6.09,,,,,18,90,91,2,2,sarcoma_and_renal_arm_6
1816-OS33-1-B14-B5,Data - Solid Tumor ,Version 1.4,1816-OS33-1,OS33,MGC018 6mg/kg  IP,Day 0 x1,14,10/27/2020,11/30/2020,11/30/2020,zhang,2/22/2021,B,Time point 3,12/14/2020,14,B5,5.91,5.59,,,,,18,90,91,2,2,sarcoma_and_renal_arm_6
1816-OS33-1-B21-A1,Data - Solid Tumor ,Version 1.4,1816-OS33-1,OS33,MGC018 6mg/kg  IP,Day 0 x1,14,10/27/2020,11/30/2020,11/30/2020,zhang,2/22/2021,B,Time point 4,12/21/2020,21,A1,3.26,3.08,,,,,19,93,94,2,2,sarcoma_and_renal_arm_6
1816-OS33-1-B21-A2,Data - Solid Tumor ,Version 1.4,1816-OS33-1,OS33,MGC018 6mg/kg  IP,Day 0 x1,14,10/27/2020,11/30/2020,11/30/2020,zhang,2/22/2021,B,Time point 4,12/21/2020,21,A2,5.41,5.23,,,,,19,93,94,2,2,sarcoma_and_renal_arm_6
1816-OS33-1-B21-A3,Data - Solid Tumor ,Version 1.4,1816-OS33-1,OS33,MGC018 6mg/kg  IP,Day 0 x1,14,10/27/2020,11/30/2020,11/30/2020,zhang,2/22/2021,B,Time point 4,12/21/2020,21,A3,5.01,4.94,,,,,18,93,94,2,2,sarcoma_and_renal_arm_6
1816-OS33-1-B21-A4,Data - Solid Tumor ,Version 1.4,1816-OS33-1,OS33,MGC018 6mg/kg  IP,Day 0 x1,14,10/27/2020,11/30/2020,11/30/2020,zhang,2/22/2021,B,Time point 4,12/21/2020,21,A4,5.12,4.42,,,,,19,93,94,2,2,sarcoma_and_renal_arm_6
1816-OS33-1-B21-A5,Data - Solid Tumor ,Version 1.4,1816-OS33-1,OS33,MGC018 6mg/kg  IP,Day 0 x1,14,10/27/2020,11/30/2020,11/30/2020,zhang,2/22/2021,B,Time point 4,12/21/2020,21,A5,4.75,7.27,,,,,18,93,94,2,2,sarcoma_and_renal_arm_6
1816-OS33-1-B21-B1,Data - Solid Tumor ,Version 1.4,1816-OS33-1,OS33,MGC018 6mg/kg  IP,Day 0 x1,14,10/27/2020,11/30/2020,11/30/2020,zhang,2/22/2021,B,Time point 4,12/21/2020,21,B1,4.72,4.15,,,,,18,93,94,2,2,sarcoma_and_renal_arm_6
1816-OS33-1-B21-B2,Data - Solid Tumor ,Version 1.4,1816-OS33-1,OS33,MGC018 6mg/kg  IP,Day 0 x1,14,10/27/2020,11/30/2020,11/30/2020,zhang,2/22/2021,B,Time point 4,12/21/2020,21,B2,6.65,6.31,,,,,20,93,94,2,2,sarcoma_and_renal_arm_6
1816-OS33-1-B21-B3,Data - Solid Tumor ,Version 1.4,1816-OS33-1,OS33,MGC018 6mg/kg  IP,Day 0 x1,14,10/27/2020,11/30/2020,11/30/2020,zhang,2/22/2021,B,Time point 4,12/21/2020,21,B3,5.38,5.27,,,,,19,93,94,2,2,sarcoma_and_renal_arm_6
1816-OS33-1-B21-B4,Data - Solid Tumor ,Version 1.4,1816-OS33-1,OS33,MGC018 6mg/kg  IP,Day 0 x1,14,10/27/2020,11/30/2020,11/30/2020,zhang,2/22/2021,B,Time point 4,12/21/2020,21,B4,5.28,5.11,,,,,19,93,94,2,2,sarcoma_and_renal_arm_6
1816-OS33-1-B21-B5,Data - Solid Tumor ,Version 1.4,1816-OS33-1,OS33,MGC018 6mg/kg  IP,Day 0 x1,14,10/27/2020,11/30/2020,11/30/2020,zhang,2/22/2021,B,Time point 4,12/21/2020,21,B5,4.51,4.07,,,,,18,93,94,2,2,sarcoma_and_renal_arm_6
1816-OS33-1-B28-A1,Data - Solid Tumor ,Version 1.4,1816-OS33-1,OS33,MGC018 6mg/kg  IP,Day 0 x1,14,10/27/2020,11/30/2020,11/30/2020,zhang,2/22/2021,B,Time point 5,12/28/2020,28,A1,2.74,2.06,,,,,20,97,95,2,2,sarcoma_and_renal_arm_6
1816-OS33-1-B28-A2,Data - Solid Tumor ,Version 1.4,1816-OS33-1,OS33,MGC018 6mg/kg  IP,Day 0 x1,14,10/27/2020,11/30/2020,11/30/2020,zhang,2/22/2021,B,Time point 5,12/28/2020,28,A2,3.85,3.32,,,,,21,97,95,2,2,sarcoma_and_renal_arm_6
1816-OS33-1-B28-A3,Data - Solid Tumor ,Version 1.4,1816-OS33-1,OS33,MGC018 6mg/kg  IP,Day 0 x1,14,10/27/2020,11/30/2020,11/30/2020,zhang,2/22/2021,B,Time point 5,12/28/2020,28,A3,3.26,3.04,,,,,18,97,95,2,2,sarcoma_and_renal_arm_6
1816-OS33-1-B28-A4,Data - Solid Tumor ,Version 1.4,1816-OS33-1,OS33,MGC018 6mg/kg  IP,Day 0 x1,14,10/27/2020,11/30/2020,11/30/2020,zhang,2/22/2021,B,Time point 5,12/28/2020,28,A4,3.11,2.79,,,,,20,97,95,2,2,sarcoma_and_renal_arm_6
1816-OS33-1-B28-A5,Data - Solid Tumor ,Version 1.4,1816-OS33-1,OS33,MGC018 6mg/kg  IP,Day 0 x1,14,10/27/2020,11/30/2020,11/30/2020,zhang,2/22/2021,B,Time point 5,12/28/2020,28,A5,3.06,2.51,,,,,18,97,95,2,2,sarcoma_and_renal_arm_6
1816-OS33-1-B28-B1,Data - Solid Tumor ,Version 1.4,1816-OS33-1,OS33,MGC018 6mg/kg  IP,Day 0 x1,14,10/27/2020,11/30/2020,11/30/2020,zhang,2/22/2021,B,Time point 5,12/28/2020,28,B1,2.78,2.36,,,,,19,97,95,2,2,sarcoma_and_renal_arm_6
1816-OS33-1-B28-B2,Data - Solid Tumor ,Version 1.4,1816-OS33-1,OS33,MGC018 6mg/kg  IP,Day 0 x1,14,10/27/2020,11/30/2020,11/30/2020,zhang,2/22/2021,B,Time point 5,12/28/2020,28,B2,5.29,4.93,,,,,20,97,95,2,2,sarcoma_and_renal_arm_6
1816-OS33-1-B28-B3,Data - Solid Tumor ,Version 1.4,1816-OS33-1,OS33,MGC018 6mg/kg  IP,Day 0 x1,14,10/27/2020,11/30/2020,11/30/2020,zhang,2/22/2021,B,Time point 5,12/28/2020,28,B3,3.72,3.13,,,,,19,97,95,2,2,sarcoma_and_renal_arm_6
1816-OS33-1-B28-B4,Data - Solid Tumor ,Version 1.4,1816-OS33-1,OS33,MGC018 6mg/kg  IP,Day 0 x1,14,10/27/2020,11/30/2020,11/30/2020,zhang,2/22/2021,B,Time point 5,12/28/2020,28,B4,3.26,3.02,,,,,19,97,95,2,2,sarcoma_and_renal_arm_6
1816-OS33-1-B28-B5,Data - Solid Tumor ,Version 1.4,1816-OS33-1,OS33,MGC018 6mg/kg  IP,Day 0 x1,14,10/27/2020,11/30/2020,11/30/2020,zhang,2/22/2021,B,Time point 5,12/28/2020,28,B5,3.89,3.63,,,,,18,97,95,2,2,sarcoma_and_renal_arm_6
1816-OS33-1-B35-A1,Data - Solid Tumor ,Version 1.4,1816-OS33-1,OS33,MGC018 6mg/kg  IP,Day 0 x1,14,10/27/2020,11/30/2020,11/30/2020,zhang,2/22/2021,B,Time point 6,1/4/2021,35,A1,0,0,,,,,20,97,96,2,2,sarcoma_and_renal_arm_6
1816-OS33-1-B35-A2,Data - Solid Tumor ,Version 1.4,1816-OS33-1,OS33,MGC018 6mg/kg  IP,Day 0 x1,14,10/27/2020,11/30/2020,11/30/2020,zhang,2/22/2021,B,Time point 6,1/4/2021,35,A2,0,0,,,,,20,97,96,2,2,sarcoma_and_renal_arm_6
1816-OS33-1-B35-A3,Data - Solid Tumor ,Version 1.4,1816-OS33-1,OS33,MGC018 6mg/kg  IP,Day 0 x1,14,10/27/2020,11/30/2020,11/30/2020,zhang,2/22/2021,B,Time point 6,1/4/2021,35,A3,2.56,2.32,,,,,19,97,96,2,2,sarcoma_and_renal_arm_6
1816-OS33-1-B35-A4,Data - Solid Tumor ,Version 1.4,1816-OS33-1,OS33,MGC018 6mg/kg  IP,Day 0 x1,14,10/27/2020,11/30/2020,11/30/2020,zhang,2/22/2021,B,Time point 6,1/4/2021,35,A4,0,0,,,,,20,97,96,2,2,sarcoma_and_renal_arm_6
1816-OS33-1-B35-A5,Data - Solid Tumor ,Version 1.4,1816-OS33-1,OS33,MGC018 6mg/kg  IP,Day 0 x1,14,10/27/2020,11/30/2020,11/30/2020,zhang,2/22/2021,B,Time point 6,1/4/2021,35,A5,0,0,,,,,18,97,96,2,2,sarcoma_and_renal_arm_6
1816-OS33-1-B35-B1,Data - Solid Tumor ,Version 1.4,1816-OS33-1,OS33,MGC018 6mg/kg  IP,Day 0 x1,14,10/27/2020,11/30/2020,11/30/2020,zhang,2/22/2021,B,Time point 6,1/4/2021,35,B1,0,0,,,,,20,97,96,2,2,sarcoma_and_renal_arm_6
1816-OS33-1-B35-B2,Data - Solid Tumor ,Version 1.4,1816-OS33-1,OS33,MGC018 6mg/kg  IP,Day 0 x1,14,10/27/2020,11/30/2020,11/30/2020,zhang,2/22/2021,B,Time point 6,1/4/2021,35,B2,5.63,5.38,,,,,20,97,96,2,2,sarcoma_and_renal_arm_6
1816-OS33-1-B35-B3,Data - Solid Tumor ,Version 1.4,1816-OS33-1,OS33,MGC018 6mg/kg  IP,Day 0 x1,14,10/27/2020,11/30/2020,11/30/2020,zhang,2/22/2021,B,Time point 6,1/4/2021,35,B3,3.75,3.11,,,,,20,97,96,2,2,sarcoma_and_renal_arm_6
1816-OS33-1-B35-B4,Data - Solid Tumor ,Version 1.4,1816-OS33-1,OS33,MGC018 6mg/kg  IP,Day 0 x1,14,10/27/2020,11/30/2020,11/30/2020,zhang,2/22/2021,B,Time point 6,1/4/2021,35,B4,0,0,,,,,18,97,96,2,2,sarcoma_and_renal_arm_6
1816-OS33-1-B35-B5,Data - Solid Tumor ,Version 1.4,1816-OS33-1,OS33,MGC018 6mg/kg  IP,Day 0 x1,14,10/27/2020,11/30/2020,11/30/2020,zhang,2/22/2021,B,Time point 6,1/4/2021,35,B5,3.32,3.05,,,,,18,97,96,2,2,sarcoma_and_renal_arm_6
1816-OS33-1-B42-A1,Data - Solid Tumor ,Version 1.4,1816-OS33-1,OS33,MGC018 6mg/kg  IP,Day 0 x1,14,10/27/2020,11/30/2020,11/30/2020,zhang,2/22/2021,B,Time point 7,1/11/2021,42,A1,0,0,,,,,,0,0,2,2,sarcoma_and_renal_arm_6
1816-OS33-1-B42-A2,Data - Solid Tumor ,Version 1.4,1816-OS33-1,OS33,MGC018 6mg/kg  IP,Day 0 x1,14,10/27/2020,11/30/2020,11/30/2020,zhang,2/22/2021,B,Time point 7,1/11/2021,42,A2,0,0,,,,,,0,0,2,2,sarcoma_and_renal_arm_6
1816-OS33-1-B42-A3,Data - Solid Tumor ,Version 1.4,1816-OS33-1,OS33,MGC018 6mg/kg  IP,Day 0 x1,14,10/27/2020,11/30/2020,11/30/2020,zhang,2/22/2021,B,Time point 7,1/11/2021,42,A3,2.12,2.06,,,,,,0,0,2,2,sarcoma_and_renal_arm_6
1816-OS33-1-B42-A4,Data - Solid Tumor ,Version 1.4,1816-OS33-1,OS33,MGC018 6mg/kg  IP,Day 0 x1,14,10/27/2020,11/30/2020,11/30/2020,zhang,2/22/2021,B,Time point 7,1/11/2021,42,A4,0,0,,,,,,0,0,2,2,sarcoma_and_renal_arm_6
1816-OS33-1-B42-A5,Data - Solid Tumor ,Version 1.4,1816-OS33-1,OS33,MGC018 6mg/kg  IP,Day 0 x1,14,10/27/2020,11/30/2020,11/30/2020,zhang,2/22/2021,B,Time point 7,1/11/2021,42,A5,0,0,,,,,,0,0,2,2,sarcoma_and_renal_arm_6
1816-OS33-1-B42-B1,Data - Solid Tumor ,Version 1.4,1816-OS33-1,OS33,MGC018 6mg/kg  IP,Day 0 x1,14,10/27/2020,11/30/2020,11/30/2020,zhang,2/22/2021,B,Time point 7,1/11/2021,42,B1,0,0,,,,,,0,0,2,2,sarcoma_and_renal_arm_6
1816-OS33-1-B42-B2,Data - Solid Tumor ,Version 1.4,1816-OS33-1,OS33,MGC018 6mg/kg  IP,Day 0 x1,14,10/27/2020,11/30/2020,11/30/2020,zhang,2/22/2021,B,Time point 7,1/11/2021,42,B2,5.94,5.48,,,,,,0,0,2,2,sarcoma_and_renal_arm_6
1816-OS33-1-B42-B3,Data - Solid Tumor ,Version 1.4,1816-OS33-1,OS33,MGC018 6mg/kg  IP,Day 0 x1,14,10/27/2020,11/30/2020,11/30/2020,zhang,2/22/2021,B,Time point 7,1/11/2021,42,B3,3.82,3.12,,,,,,0,0,2,2,sarcoma_and_renal_arm_6
1816-OS33-1-B42-B4,Data - Solid Tumor ,Version 1.4,1816-OS33-1,OS33,MGC018 6mg/kg  IP,Day 0 x1,14,10/27/2020,11/30/2020,11/30/2020,zhang,2/22/2021,B,Time point 7,1/11/2021,42,B4,0,0,,,,,,0,0,2,2,sarcoma_and_renal_arm_6
1816-OS33-1-B42-B5,Data - Solid Tumor ,Version 1.4,1816-OS33-1,OS33,MGC018 6mg/kg  IP,Day 0 x1,14,10/27/2020,11/30/2020,11/30/2020,zhang,2/22/2021,B,Time point 7,1/11/2021,42,B5,2.72,2.25,,,,,,0,0,2,2,sarcoma_and_renal_arm_6
1816-OS33-1-B50-A1,Data - Solid Tumor ,Version 1.4,1816-OS33-1,OS33,MGC018 6mg/kg  IP,Day 0 x1,14,10/27/2020,11/30/2020,11/30/2020,zhang,2/22/2021,B,Time point 8,1/19/2021,50,A1,0,0,,,,,19,96,97,2,2,sarcoma_and_renal_arm_6
1816-OS33-1-B50-A2,Data - Solid Tumor ,Version 1.4,1816-OS33-1,OS33,MGC018 6mg/kg  IP,Day 0 x1,14,10/27/2020,11/30/2020,11/30/2020,zhang,2/22/2021,B,Time point 8,1/19/2021,50,A2,0,0,,,,,20,96,97,2,2,sarcoma_and_renal_arm_6
1816-OS33-1-B50-A3,Data - Solid Tumor ,Version 1.4,1816-OS33-1,OS33,MGC018 6mg/kg  IP,Day 0 x1,14,10/27/2020,11/30/2020,11/30/2020,zhang,2/22/2021,B,Time point 8,1/19/2021,50,A3,1.82,1.13,,,,,19,96,97,2,2,sarcoma_and_renal_arm_6
1816-OS33-1-B50-A4,Data - Solid Tumor ,Version 1.4,1816-OS33-1,OS33,MGC018 6mg/kg  IP,Day 0 x1,14,10/27/2020,11/30/2020,11/30/2020,zhang,2/22/2021,B,Time point 8,1/19/2021,50,A4,0,0,,,,,20,96,97,2,2,sarcoma_and_renal_arm_6
1816-OS33-1-B50-A5,Data - Solid Tumor ,Version 1.4,1816-OS33-1,OS33,MGC018 6mg/kg  IP,Day 0 x1,14,10/27/2020,11/30/2020,11/30/2020,zhang,2/22/2021,B,Time point 8,1/19/2021,50,A5,0,0,,,,,18,96,97,2,2,sarcoma_and_renal_arm_6
1816-OS33-1-B50-B1,Data - Solid Tumor ,Version 1.4,1816-OS33-1,OS33,MGC018 6mg/kg  IP,Day 0 x1,14,10/27/2020,11/30/2020,11/30/2020,zhang,2/22/2021,B,Time point 8,1/19/2021,50,B1,0,0,,,,,20,96,97,2,2,sarcoma_and_renal_arm_6
1816-OS33-1-B50-B2,Data - Solid Tumor ,Version 1.4,1816-OS33-1,OS33,MGC018 6mg/kg  IP,Day 0 x1,14,10/27/2020,11/30/2020,11/30/2020,zhang,2/22/2021,B,Time point 8,1/19/2021,50,B2,7.98,7.74,,,,,21,96,97,2,2,sarcoma_and_renal_arm_6
1816-OS33-1-B50-B3,Data - Solid Tumor ,Version 1.4,1816-OS33-1,OS33,MGC018 6mg/kg  IP,Day 0 x1,14,10/27/2020,11/30/2020,11/30/2020,zhang,2/22/2021,B,Time point 8,1/19/2021,50,B3,2.71,2.36,,,,,20,96,97,2,2,sarcoma_and_renal_arm_6
1816-OS33-1-B50-B4,Data - Solid Tumor ,Version 1.4,1816-OS33-1,OS33,MGC018 6mg/kg  IP,Day 0 x1,14,10/27/2020,11/30/2020,11/30/2020,zhang,2/22/2021,B,Time point 8,1/19/2021,50,B4,0,0,,,,,18,96,97,2,2,sarcoma_and_renal_arm_6
1816-OS33-1-B50-B5,Data - Solid Tumor ,Version 1.4,1816-OS33-1,OS33,MGC018 6mg/kg  IP,Day 0 x1,14,10/27/2020,11/30/2020,11/30/2020,zhang,2/22/2021,B,Time point 8,1/19/2021,50,B5,1.58,1.04,,,,,18,96,97,2,2,sarcoma_and_renal_arm_6
1816-OS33-1-B56-A1,Data - Solid Tumor ,Version 1.4,1816-OS33-1,OS33,MGC018 6mg/kg  IP,Day 0 x1,14,10/27/2020,11/30/2020,11/30/2020,zhang,2/22/2021,B,Time point 9,1/25/2021,56,A1,0,0,,,,,19,96,97,2,2,sarcoma_and_renal_arm_6
1816-OS33-1-B56-A2,Data - Solid Tumor ,Version 1.4,1816-OS33-1,OS33,MGC018 6mg/kg  IP,Day 0 x1,14,10/27/2020,11/30/2020,11/30/2020,zhang,2/22/2021,B,Time point 9,1/25/2021,56,A2,0,0,,,,,20,96,97,2,2,sarcoma_and_renal_arm_6
1816-OS33-1-B56-A3,Data - Solid Tumor ,Version 1.4,1816-OS33-1,OS33,MGC018 6mg/kg  IP,Day 0 x1,14,10/27/2020,11/30/2020,11/30/2020,zhang,2/22/2021,B,Time point 9,1/25/2021,56,A3,0,0,,,,,19,96,97,2,2,sarcoma_and_renal_arm_6
1816-OS33-1-B56-A4,Data - Solid Tumor ,Version 1.4,1816-OS33-1,OS33,MGC018 6mg/kg  IP,Day 0 x1,14,10/27/2020,11/30/2020,11/30/2020,zhang,2/22/2021,B,Time point 9,1/25/2021,56,A4,0,0,,,,,20,96,97,2,2,sarcoma_and_renal_arm_6
1816-OS33-1-B56-A5,Data - Solid Tumor ,Version 1.4,1816-OS33-1,OS33,MGC018 6mg/kg  IP,Day 0 x1,14,10/27/2020,11/30/2020,11/30/2020,zhang,2/22/2021,B,Time point 9,1/25/2021,56,A5,0,0,,,,,18,96,97,2,2,sarcoma_and_renal_arm_6
1816-OS33-1-B56-B1,Data - Solid Tumor ,Version 1.4,1816-OS33-1,OS33,MGC018 6mg/kg  IP,Day 0 x1,14,10/27/2020,11/30/2020,11/30/2020,zhang,2/22/2021,B,Time point 9,1/25/2021,56,B1,0,0,,,,,20,96,97,2,2,sarcoma_and_renal_arm_6
1816-OS33-1-B56-B2,Data - Solid Tumor ,Version 1.4,1816-OS33-1,OS33,MGC018 6mg/kg  IP,Day 0 x1,14,10/27/2020,11/30/2020,11/30/2020,zhang,2/22/2021,B,Time point 9,1/25/2021,56,B2,10.68,9.41,,,,,21,96,97,2,2,sarcoma_and_renal_arm_6
1816-OS33-1-B56-B3,Data - Solid Tumor ,Version 1.4,1816-OS33-1,OS33,MGC018 6mg/kg  IP,Day 0 x1,14,10/27/2020,11/30/2020,11/30/2020,zhang,2/22/2021,B,Time point 9,1/25/2021,56,B3,1.69,1.12,,,,,20,96,97,2,2,sarcoma_and_renal_arm_6
1816-OS33-1-B56-B4,Data - Solid Tumor ,Version 1.4,1816-OS33-1,OS33,MGC018 6mg/kg  IP,Day 0 x1,14,10/27/2020,11/30/2020,11/30/2020,zhang,2/22/2021,B,Time point 9,1/25/2021,56,B4,0,0,,,,,18,96,97,2,2,sarcoma_and_renal_arm_6
1816-OS33-1-B56-B5,Data - Solid Tumor ,Version 1.4,1816-OS33-1,OS33,MGC018 6mg/kg  IP,Day 0 x1,14,10/27/2020,11/30/2020,11/30/2020,zhang,2/22/2021,B,Time point 9,1/25/2021,56,B5,0,0,,,,,18,96,97,2,2,sarcoma_and_renal_arm_6
1816-OS33-1-B63-A1,Data - Solid Tumor ,Version 1.4,1816-OS33-1,OS33,MGC018 6mg/kg  IP,Day 0 x1,14,10/27/2020,11/30/2020,11/30/2020,zhang,2/22/2021,B,Time point 10,2/1/2021,63,A1,0,0,,,,,20,96,75,2,2,sarcoma_and_renal_arm_6
1816-OS33-1-B63-A2,Data - Solid Tumor ,Version 1.4,1816-OS33-1,OS33,MGC018 6mg/kg  IP,Day 0 x1,14,10/27/2020,11/30/2020,11/30/2020,zhang,2/22/2021,B,Time point 10,2/1/2021,63,A2,0,0,,,,,20,96,75,2,2,sarcoma_and_renal_arm_6
1816-OS33-1-B63-A3,Data - Solid Tumor ,Version 1.4,1816-OS33-1,OS33,MGC018 6mg/kg  IP,Day 0 x1,14,10/27/2020,11/30/2020,11/30/2020,zhang,2/22/2021,B,Time point 10,2/1/2021,63,A3,0,0,,,,,18,96,75,2,2,sarcoma_and_renal_arm_6
1816-OS33-1-B63-A4,Data - Solid Tumor ,Version 1.4,1816-OS33-1,OS33,MGC018 6mg/kg  IP,Day 0 x1,14,10/27/2020,11/30/2020,11/30/2020,zhang,2/22/2021,B,Time point 10,2/1/2021,63,A4,0,0,,,,,20,96,75,2,2,sarcoma_and_renal_arm_6
1816-OS33-1-B63-A5,Data - Solid Tumor ,Version 1.4,1816-OS33-1,OS33,MGC018 6mg/kg  IP,Day 0 x1,14,10/27/2020,11/30/2020,11/30/2020,zhang,2/22/2021,B,Time point 10,2/1/2021,63,A5,0,0,,,,,18,96,75,2,2,sarcoma_and_renal_arm_6
1816-OS33-1-B63-B1,Data - Solid Tumor ,Version 1.4,1816-OS33-1,OS33,MGC018 6mg/kg  IP,Day 0 x1,14,10/27/2020,11/30/2020,11/30/2020,zhang,2/22/2021,B,Time point 10,2/1/2021,63,B1,0,0,,,,,19,96,75,2,2,sarcoma_and_renal_arm_6
1816-OS33-1-B63-B3,Data - Solid Tumor ,Version 1.4,1816-OS33-1,OS33,MGC018 6mg/kg  IP,Day 0 x1,14,10/27/2020,11/30/2020,11/30/2020,zhang,2/22/2021,B,Time point 10,2/1/2021,63,B3,0,0,,,,,20,96,75,2,2,sarcoma_and_renal_arm_6
1816-OS33-1-B63-B4,Data - Solid Tumor ,Version 1.4,1816-OS33-1,OS33,MGC018 6mg/kg  IP,Day 0 x1,14,10/27/2020,11/30/2020,11/30/2020,zhang,2/22/2021,B,Time point 10,2/1/2021,63,B4,0,0,,,,,18,96,75,2,2,sarcoma_and_renal_arm_6
1816-OS33-1-B63-B5,Data - Solid Tumor ,Version 1.4,1816-OS33-1,OS33,MGC018 6mg/kg  IP,Day 0 x1,14,10/27/2020,11/30/2020,11/30/2020,zhang,2/22/2021,B,Time point 10,2/1/2021,63,B5,0,0,,,,,18,96,75,2,2,sarcoma_and_renal_arm_6
1816-OS33-1-B70-A1,Data - Solid Tumor ,Version 1.4,1816-OS33-1,OS33,MGC018 6mg/kg  IP,Day 0 x1,14,10/27/2020,11/30/2020,11/30/2020,zhang,2/22/2021,B,Time point 11,2/8/2021,70,A1,0,0,,,,,19,96,76,2,2,sarcoma_and_renal_arm_6
1816-OS33-1-B70-A2,Data - Solid Tumor ,Version 1.4,1816-OS33-1,OS33,MGC018 6mg/kg  IP,Day 0 x1,14,10/27/2020,11/30/2020,11/30/2020,zhang,2/22/2021,B,Time point 11,2/8/2021,70,A2,0,0,,,,,20,96,76,2,2,sarcoma_and_renal_arm_6
1816-OS33-1-B70-A3,Data - Solid Tumor ,Version 1.4,1816-OS33-1,OS33,MGC018 6mg/kg  IP,Day 0 x1,14,10/27/2020,11/30/2020,11/30/2020,zhang,2/22/2021,B,Time point 11,2/8/2021,70,A3,3.84,3.72,,,,,19,96,76,2,2,sarcoma_and_renal_arm_6
1816-OS33-1-B70-A4,Data - Solid Tumor ,Version 1.4,1816-OS33-1,OS33,MGC018 6mg/kg  IP,Day 0 x1,14,10/27/2020,11/30/2020,11/30/2020,zhang,2/22/2021,B,Time point 11,2/8/2021,70,A4,0,0,,,,,20,96,76,2,2,sarcoma_and_renal_arm_6
1816-OS33-1-B70-A5,Data - Solid Tumor ,Version 1.4,1816-OS33-1,OS33,MGC018 6mg/kg  IP,Day 0 x1,14,10/27/2020,11/30/2020,11/30/2020,zhang,2/22/2021,B,Time point 11,2/8/2021,70,A5,0,0,,,,,18,96,76,2,2,sarcoma_and_renal_arm_6
1816-OS33-1-B70-B1,Data - Solid Tumor ,Version 1.4,1816-OS33-1,OS33,MGC018 6mg/kg  IP,Day 0 x1,14,10/27/2020,11/30/2020,11/30/2020,zhang,2/22/2021,B,Time point 11,2/8/2021,70,B1,0,0,,,,,18,96,76,2,2,sarcoma_and_renal_arm_6
1816-OS33-1-B70-B3,Data - Solid Tumor ,Version 1.4,1816-OS33-1,OS33,MGC018 6mg/kg  IP,Day 0 x1,14,10/27/2020,11/30/2020,11/30/2020,zhang,2/22/2021,B,Time point 11,2/8/2021,70,B3,0,0,,,,,20,96,76,2,2,sarcoma_and_renal_arm_6
1816-OS33-1-B70-B4,Data - Solid Tumor ,Version 1.4,1816-OS33-1,OS33,MGC018 6mg/kg  IP,Day 0 x1,14,10/27/2020,11/30/2020,11/30/2020,zhang,2/22/2021,B,Time point 11,2/8/2021,70,B4,0,0,,,,,19,96,76,2,2,sarcoma_and_renal_arm_6
1816-OS33-1-B70-B5,Data - Solid Tumor ,Version 1.4,1816-OS33-1,OS33,MGC018 6mg/kg  IP,Day 0 x1,14,10/27/2020,11/30/2020,11/30/2020,zhang,2/22/2021,B,Time point 11,2/8/2021,70,B5,0,0,,,,,19,96,76,2,2,sarcoma_and_renal_arm_6
1816-OS33-1-B74-A1,Data - Solid Tumor ,Version 1.4,1816-OS33-1,OS33,MGC018 6mg/kg  IP,Day 0 x1,14,10/27/2020,11/30/2020,11/30/2020,zhang,2/22/2021,B,Time point 12,2/12/2021,74,A1,0,0,,,,,19,95,79,2,2,sarcoma_and_renal_arm_6
1816-OS33-1-B74-A2,Data - Solid Tumor ,Version 1.4,1816-OS33-1,OS33,MGC018 6mg/kg  IP,Day 0 x1,14,10/27/2020,11/30/2020,11/30/2020,zhang,2/22/2021,B,Time point 12,2/12/2021,74,A2,0,0,,,,,20,95,79,2,2,sarcoma_and_renal_arm_6
1816-OS33-1-B74-A3,Data - Solid Tumor ,Version 1.4,1816-OS33-1,OS33,MGC018 6mg/kg  IP,Day 0 x1,14,10/27/2020,11/30/2020,11/30/2020,zhang,2/22/2021,B,Time point 12,2/12/2021,74,A3,4.32,4.19,,,,,18,95,79,2,2,sarcoma_and_renal_arm_6
1816-OS33-1-B74-A4,Data - Solid Tumor ,Version 1.4,1816-OS33-1,OS33,MGC018 6mg/kg  IP,Day 0 x1,14,10/27/2020,11/30/2020,11/30/2020,zhang,2/22/2021,B,Time point 12,2/12/2021,74,A4,0,0,,,,,20,95,79,2,2,sarcoma_and_renal_arm_6
1816-OS33-1-B74-A5,Data - Solid Tumor ,Version 1.4,1816-OS33-1,OS33,MGC018 6mg/kg  IP,Day 0 x1,14,10/27/2020,11/30/2020,11/30/2020,zhang,2/22/2021,B,Time point 12,2/12/2021,74,A5,0,0,,,,,18,95,79,2,2,sarcoma_and_renal_arm_6
1816-OS33-1-B74-B1,Data - Solid Tumor ,Version 1.4,1816-OS33-1,OS33,MGC018 6mg/kg  IP,Day 0 x1,14,10/27/2020,11/30/2020,11/30/2020,zhang,2/22/2021,B,Time point 12,2/12/2021,74,B1,0,0,,,,,20,95,79,2,2,sarcoma_and_renal_arm_6
1816-OS33-1-B74-B3,Data - Solid Tumor ,Version 1.4,1816-OS33-1,OS33,MGC018 6mg/kg  IP,Day 0 x1,14,10/27/2020,11/30/2020,11/30/2020,zhang,2/22/2021,B,Time point 12,2/12/2021,74,B3,0,0,,,,,21,95,79,2,2,sarcoma_and_renal_arm_6
1816-OS33-1-B74-B4,Data - Solid Tumor ,Version 1.4,1816-OS33-1,OS33,MGC018 6mg/kg  IP,Day 0 x1,14,10/27/2020,11/30/2020,11/30/2020,zhang,2/22/2021,B,Time point 12,2/12/2021,74,B4,0,0,,,,,19,95,79,2,2,sarcoma_and_renal_arm_6
1816-OS33-1-B74-B5,Data - Solid Tumor ,Version 1.4,1816-OS33-1,OS33,MGC018 6mg/kg  IP,Day 0 x1,14,10/27/2020,11/30/2020,11/30/2020,zhang,2/22/2021,B,Time point 12,2/12/2021,74,B5,0,0,,,,,19,95,79,2,2,sarcoma_and_renal_arm_6
1816-OS33-1-B84-A1,Data - Solid Tumor ,Version 1.4,1816-OS33-1,OS33,MGC018 6mg/kg  IP,Day 0 x1,14,10/27/2020,11/30/2020,11/30/2020,zhang,2/22/2021,B,Time point 13,2/22/2021,84,A1,0,0,,,,,19,96,79,2,2,sarcoma_and_renal_arm_6
1816-OS33-1-B84-A2,Data - Solid Tumor ,Version 1.4,1816-OS33-1,OS33,MGC018 6mg/kg  IP,Day 0 x1,14,10/27/2020,11/30/2020,11/30/2020,zhang,2/22/2021,B,Time point 13,2/22/2021,84,A2,0,0,,,,,21,96,79,2,2,sarcoma_and_renal_arm_6
1816-OS33-1-B84-A3,Data - Solid Tumor ,Version 1.4,1816-OS33-1,OS33,MGC018 6mg/kg  IP,Day 0 x1,14,10/27/2020,11/30/2020,11/30/2020,zhang,2/22/2021,B,Time point 13,2/22/2021,84,A3,6.88,6.72,,,,,18,96,79,2,2,sarcoma_and_renal_arm_6
1816-OS33-1-B84-A4,Data - Solid Tumor ,Version 1.4,1816-OS33-1,OS33,MGC018 6mg/kg  IP,Day 0 x1,14,10/27/2020,11/30/2020,11/30/2020,zhang,2/22/2021,B,Time point 13,2/22/2021,84,A4,0,0,,,,,20,96,79,2,2,sarcoma_and_renal_arm_6
1816-OS33-1-B84-A5,Data - Solid Tumor ,Version 1.4,1816-OS33-1,OS33,MGC018 6mg/kg  IP,Day 0 x1,14,10/27/2020,11/30/2020,11/30/2020,zhang,2/22/2021,B,Time point 13,2/22/2021,84,A5,0,0,,,,,18,96,79,2,2,sarcoma_and_renal_arm_6
1816-OS33-1-B84-B1,Data - Solid Tumor ,Version 1.4,1816-OS33-1,OS33,MGC018 6mg/kg  IP,Day 0 x1,14,10/27/2020,11/30/2020,11/30/2020,zhang,2/22/2021,B,Time point 13,2/22/2021,84,B1,0,0,,,,,20,96,79,2,2,sarcoma_and_renal_arm_6
1816-OS33-1-B84-B3,Data - Solid Tumor ,Version 1.4,1816-OS33-1,OS33,MGC018 6mg/kg  IP,Day 0 x1,14,10/27/2020,11/30/2020,11/30/2020,zhang,2/22/2021,B,Time point 13,2/22/2021,84,B3,0,0,,,,,21,96,79,2,2,sarcoma_and_renal_arm_6
1816-OS33-1-B84-B4,Data - Solid Tumor ,Version 1.4,1816-OS33-1,OS33,MGC018 6mg/kg  IP,Day 0 x1,14,10/27/2020,11/30/2020,11/30/2020,zhang,2/22/2021,B,Time point 13,2/22/2021,84,B4,0,0,,,,,19,96,79,2,2,sarcoma_and_renal_arm_6
1816-OS33-1-B84-B5,Data - Solid Tumor ,Version 1.4,1816-OS33-1,OS33,MGC018 6mg/kg  IP,Day 0 x1,14,10/27/2020,11/30/2020,11/30/2020,zhang,2/22/2021,B,Time point 13,2/22/2021,84,B5,0,0,,,,,19,96,79,2,2,sarcoma_and_renal_arm_6
1816-OS33-1-C0-A1,Data - Solid Tumor ,Version 1.4,1816-OS33-1,OS33,SYD988 6mg/kg  IP,Day 0 x1,14,10/27/2020,11/30/2020,11/30/2020,zhang,2/22/2021,C,Time point 1,11/30/2020,0,A1,6.26,5.85,,,,,18,90,94,2,2,sarcoma_and_renal_arm_6
1816-OS33-1-C0-A2,Data - Solid Tumor ,Version 1.4,1816-OS33-1,OS33,SYD988 6mg/kg  IP,Day 0 x1,14,10/27/2020,11/30/2020,11/30/2020,zhang,2/22/2021,C,Time point 1,11/30/2020,0,A2,6.29,6.08,,,,,19,90,94,2,2,sarcoma_and_renal_arm_6
1816-OS33-1-C0-A3,Data - Solid Tumor ,Version 1.4,1816-OS33-1,OS33,SYD988 6mg/kg  IP,Day 0 x1,14,10/27/2020,11/30/2020,11/30/2020,zhang,2/22/2021,C,Time point 1,11/30/2020,0,A3,6.36,6.06,,,,,17,90,94,2,2,sarcoma_and_renal_arm_6
1816-OS33-1-C0-A4,Data - Solid Tumor ,Version 1.4,1816-OS33-1,OS33,SYD988 6mg/kg  IP,Day 0 x1,14,10/27/2020,11/30/2020,11/30/2020,zhang,2/22/2021,C,Time point 1,11/30/2020,0,A4,6.11,5.83,,,,,19,90,94,2,2,sarcoma_and_renal_arm_6
1816-OS33-1-C0-A5,Data - Solid Tumor ,Version 1.4,1816-OS33-1,OS33,SYD988 6mg/kg  IP,Day 0 x1,14,10/27/2020,11/30/2020,11/30/2020,zhang,2/22/2021,C,Time point 1,11/30/2020,0,A5,6.26,6.15,,,,,17,90,94,2,2,sarcoma_and_renal_arm_6
1816-OS33-1-C0-B1,Data - Solid Tumor ,Version 1.4,1816-OS33-1,OS33,SYD988 6mg/kg  IP,Day 0 x1,14,10/27/2020,11/30/2020,11/30/2020,zhang,2/22/2021,C,Time point 1,11/30/2020,0,B1,5.89,5.49,,,,,19,90,94,2,2,sarcoma_and_renal_arm_6
1816-OS33-1-C0-B2,Data - Solid Tumor ,Version 1.4,1816-OS33-1,OS33,SYD988 6mg/kg  IP,Day 0 x1,14,10/27/2020,11/30/2020,11/30/2020,zhang,2/22/2021,C,Time point 1,11/30/2020,0,B2,6.08,5.51,,,,,18,90,94,2,2,sarcoma_and_renal_arm_6
1816-OS33-1-C0-B3,Data - Solid Tumor ,Version 1.4,1816-OS33-1,OS33,SYD988 6mg/kg  IP,Day 0 x1,14,10/27/2020,11/30/2020,11/30/2020,zhang,2/22/2021,C,Time point 1,11/30/2020,0,B3,6.26,6.15,,,,,20,90,94,2,2,sarcoma_and_renal_arm_6
1816-OS33-1-C0-B4,Data - Solid Tumor ,Version 1.4,1816-OS33-1,OS33,SYD988 6mg/kg  IP,Day 0 x1,14,10/27/2020,11/30/2020,11/30/2020,zhang,2/22/2021,C,Time point 1,11/30/2020,0,B4,6.23,6.06,,,,,20,90,94,2,2,sarcoma_and_renal_arm_6
1816-OS33-1-C0-B5,Data - Solid Tumor ,Version 1.4,1816-OS33-1,OS33,SYD988 6mg/kg  IP,Day 0 x1,14,10/27/2020,11/30/2020,11/30/2020,zhang,2/22/2021,C,Time point 1,11/30/2020,0,B5,6.24,5.63,,,,,17,90,94,2,2,sarcoma_and_renal_arm_6
1816-OS33-1-C7-A1,Data - Solid Tumor ,Version 1.4,1816-OS33-1,OS33,SYD988 6mg/kg  IP,Day 0 x1,14,10/27/2020,11/30/2020,11/30/2020,zhang,2/22/2021,C,Time point 2,12/7/2020,7,A1,7.01,6.88,,,,,19,91,94,2,2,sarcoma_and_renal_arm_6
1816-OS33-1-C7-A2,Data - Solid Tumor ,Version 1.4,1816-OS33-1,OS33,SYD988 6mg/kg  IP,Day 0 x1,14,10/27/2020,11/30/2020,11/30/2020,zhang,2/22/2021,C,Time point 2,12/7/2020,7,A2,7.23,7.21,,,,,19,91,94,2,2,sarcoma_and_renal_arm_6
1816-OS33-1-C7-A3,Data - Solid Tumor ,Version 1.4,1816-OS33-1,OS33,SYD988 6mg/kg  IP,Day 0 x1,14,10/27/2020,11/30/2020,11/30/2020,zhang,2/22/2021,C,Time point 2,12/7/2020,7,A3,7.15,6.95,,,,,17,91,94,2,2,sarcoma_and_renal_arm_6
1816-OS33-1-C7-A4,Data - Solid Tumor ,Version 1.4,1816-OS33-1,OS33,SYD988 6mg/kg  IP,Day 0 x1,14,10/27/2020,11/30/2020,11/30/2020,zhang,2/22/2021,C,Time point 2,12/7/2020,7,A4,6.51,6.45,,,,,18,91,94,2,2,sarcoma_and_renal_arm_6
1816-OS33-1-C7-A5,Data - Solid Tumor ,Version 1.4,1816-OS33-1,OS33,SYD988 6mg/kg  IP,Day 0 x1,14,10/27/2020,11/30/2020,11/30/2020,zhang,2/22/2021,C,Time point 2,12/7/2020,7,A5,7.46,7.33,,,,,18,91,94,2,2,sarcoma_and_renal_arm_6
1816-OS33-1-C7-B1,Data - Solid Tumor ,Version 1.4,1816-OS33-1,OS33,SYD988 6mg/kg  IP,Day 0 x1,14,10/27/2020,11/30/2020,11/30/2020,zhang,2/22/2021,C,Time point 2,12/7/2020,7,B1,6.15,6.06,,,,,19,91,94,2,2,sarcoma_and_renal_arm_6
1816-OS33-1-C7-B2,Data - Solid Tumor ,Version 1.4,1816-OS33-1,OS33,SYD988 6mg/kg  IP,Day 0 x1,14,10/27/2020,11/30/2020,11/30/2020,zhang,2/22/2021,C,Time point 2,12/7/2020,7,B2,6.82,6.51,,,,,18,91,94,2,2,sarcoma_and_renal_arm_6
1816-OS33-1-C7-B3,Data - Solid Tumor ,Version 1.4,1816-OS33-1,OS33,SYD988 6mg/kg  IP,Day 0 x1,14,10/27/2020,11/30/2020,11/30/2020,zhang,2/22/2021,C,Time point 2,12/7/2020,7,B3,8.04,7.85,,,,,19,91,94,2,2,sarcoma_and_renal_arm_6
1816-OS33-1-C7-B4,Data - Solid Tumor ,Version 1.4,1816-OS33-1,OS33,SYD988 6mg/kg  IP,Day 0 x1,14,10/27/2020,11/30/2020,11/30/2020,zhang,2/22/2021,C,Time point 2,12/7/2020,7,B4,6.99,6.55,,,,,20,91,94,2,2,sarcoma_and_renal_arm_6
1816-OS33-1-C7-B5,Data - Solid Tumor ,Version 1.4,1816-OS33-1,OS33,SYD988 6mg/kg  IP,Day 0 x1,14,10/27/2020,11/30/2020,11/30/2020,zhang,2/22/2021,C,Time point 2,12/7/2020,7,B5,7.07,6.69,,,,,18,91,94,2,2,sarcoma_and_renal_arm_6
1816-OS33-1-C14-A1,Data - Solid Tumor ,Version 1.4,1816-OS33-1,OS33,SYD988 6mg/kg  IP,Day 0 x1,14,10/27/2020,11/30/2020,11/30/2020,zhang,2/22/2021,C,Time point 3,12/14/2020,14,A1,6.92,6.82,,,,,19,95,95,2,2,sarcoma_and_renal_arm_6
1816-OS33-1-C14-A2,Data - Solid Tumor ,Version 1.4,1816-OS33-1,OS33,SYD988 6mg/kg  IP,Day 0 x1,14,10/27/2020,11/30/2020,11/30/2020,zhang,2/22/2021,C,Time point 3,12/14/2020,14,A2,9.51,8.81,,,,,20,95,95,2,2,sarcoma_and_renal_arm_6
1816-OS33-1-C14-A3,Data - Solid Tumor ,Version 1.4,1816-OS33-1,OS33,SYD988 6mg/kg  IP,Day 0 x1,14,10/27/2020,11/30/2020,11/30/2020,zhang,2/22/2021,C,Time point 3,12/14/2020,14,A3,7.17,6.93,,,,,18,95,95,2,2,sarcoma_and_renal_arm_6
1816-OS33-1-C14-A4,Data - Solid Tumor ,Version 1.4,1816-OS33-1,OS33,SYD988 6mg/kg  IP,Day 0 x1,14,10/27/2020,11/30/2020,11/30/2020,zhang,2/22/2021,C,Time point 3,12/14/2020,14,A4,6.45,6.26,,,,,19,95,95,2,2,sarcoma_and_renal_arm_6
1816-OS33-1-C14-A5,Data - Solid Tumor ,Version 1.4,1816-OS33-1,OS33,SYD988 6mg/kg  IP,Day 0 x1,14,10/27/2020,11/30/2020,11/30/2020,zhang,2/22/2021,C,Time point 3,12/14/2020,14,A5,7.88,7.45,,,,,19,95,95,2,2,sarcoma_and_renal_arm_6
1816-OS33-1-C14-B1,Data - Solid Tumor ,Version 1.4,1816-OS33-1,OS33,SYD988 6mg/kg  IP,Day 0 x1,14,10/27/2020,11/30/2020,11/30/2020,zhang,2/22/2021,C,Time point 3,12/14/2020,14,B1,6.24,6.17,,,,,19,95,95,2,2,sarcoma_and_renal_arm_6
1816-OS33-1-C14-B2,Data - Solid Tumor ,Version 1.4,1816-OS33-1,OS33,SYD988 6mg/kg  IP,Day 0 x1,14,10/27/2020,11/30/2020,11/30/2020,zhang,2/22/2021,C,Time point 3,12/14/2020,14,B2,6.72,6.43,,,,,19,95,95,2,2,sarcoma_and_renal_arm_6
1816-OS33-1-C14-B3,Data - Solid Tumor ,Version 1.4,1816-OS33-1,OS33,SYD988 6mg/kg  IP,Day 0 x1,14,10/27/2020,11/30/2020,11/30/2020,zhang,2/22/2021,C,Time point 3,12/14/2020,14,B3,7.41,7.32,,,,,19,95,95,2,2,sarcoma_and_renal_arm_6
1816-OS33-1-C14-B4,Data - Solid Tumor ,Version 1.4,1816-OS33-1,OS33,SYD988 6mg/kg  IP,Day 0 x1,14,10/27/2020,11/30/2020,11/30/2020,zhang,2/22/2021,C,Time point 3,12/14/2020,14,B4,6.56,6.37,,,,,20,95,95,2,2,sarcoma_and_renal_arm_6
1816-OS33-1-C14-B5,Data - Solid Tumor ,Version 1.4,1816-OS33-1,OS33,SYD988 6mg/kg  IP,Day 0 x1,14,10/27/2020,11/30/2020,11/30/2020,zhang,2/22/2021,C,Time point 3,12/14/2020,14,B5,6.52,6.37,,,,,18,95,95,2,2,sarcoma_and_renal_arm_6
1816-OS33-1-C21-A1,Data - Solid Tumor ,Version 1.4,1816-OS33-1,OS33,SYD988 6mg/kg  IP,Day 0 x1,14,10/27/2020,11/30/2020,11/30/2020,zhang,2/22/2021,C,Time point 4,12/21/2020,21,A1,7.18,7.02,,,,,19,98,95,2,2,sarcoma_and_renal_arm_6
1816-OS33-1-C21-A2,Data - Solid Tumor ,Version 1.4,1816-OS33-1,OS33,SYD988 6mg/kg  IP,Day 0 x1,14,10/27/2020,11/30/2020,11/30/2020,zhang,2/22/2021,C,Time point 4,12/21/2020,21,A2,11.17,9.96,,,,,20,98,95,2,2,sarcoma_and_renal_arm_6
1816-OS33-1-C21-A3,Data - Solid Tumor ,Version 1.4,1816-OS33-1,OS33,SYD988 6mg/kg  IP,Day 0 x1,14,10/27/2020,11/30/2020,11/30/2020,zhang,2/22/2021,C,Time point 4,12/21/2020,21,A3,7.65,7.12,,,,,19,98,95,2,2,sarcoma_and_renal_arm_6
1816-OS33-1-C21-A4,Data - Solid Tumor ,Version 1.4,1816-OS33-1,OS33,SYD988 6mg/kg  IP,Day 0 x1,14,10/27/2020,11/30/2020,11/30/2020,zhang,2/22/2021,C,Time point 4,12/21/2020,21,A4,6.36,6.31,,,,,20,98,95,2,2,sarcoma_and_renal_arm_6
1816-OS33-1-C21-A5,Data - Solid Tumor ,Version 1.4,1816-OS33-1,OS33,SYD988 6mg/kg  IP,Day 0 x1,14,10/27/2020,11/30/2020,11/30/2020,zhang,2/22/2021,C,Time point 4,12/21/2020,21,A5,7.43,7.37,,,,,20,98,95,2,2,sarcoma_and_renal_arm_6
1816-OS33-1-C21-B1,Data - Solid Tumor ,Version 1.4,1816-OS33-1,OS33,SYD988 6mg/kg  IP,Day 0 x1,14,10/27/2020,11/30/2020,11/30/2020,zhang,2/22/2021,C,Time point 4,12/21/2020,21,B1,6.85,6.23,,,,,18,98,95,2,2,sarcoma_and_renal_arm_6
1816-OS33-1-C21-B2,Data - Solid Tumor ,Version 1.4,1816-OS33-1,OS33,SYD988 6mg/kg  IP,Day 0 x1,14,10/27/2020,11/30/2020,11/30/2020,zhang,2/22/2021,C,Time point 4,12/21/2020,21,B2,6.65,6.57,,,,,19,98,95,2,2,sarcoma_and_renal_arm_6
1816-OS33-1-C21-B3,Data - Solid Tumor ,Version 1.4,1816-OS33-1,OS33,SYD988 6mg/kg  IP,Day 0 x1,14,10/27/2020,11/30/2020,11/30/2020,zhang,2/22/2021,C,Time point 4,12/21/2020,21,B3,6.77,6.48,,,,,19,98,95,2,2,sarcoma_and_renal_arm_6
1816-OS33-1-C21-B4,Data - Solid Tumor ,Version 1.4,1816-OS33-1,OS33,SYD988 6mg/kg  IP,Day 0 x1,14,10/27/2020,11/30/2020,11/30/2020,zhang,2/22/2021,C,Time point 4,12/21/2020,21,B4,6.19,6.15,,,,,21,98,95,2,2,sarcoma_and_renal_arm_6
1816-OS33-1-C21-B5,Data - Solid Tumor ,Version 1.4,1816-OS33-1,OS33,SYD988 6mg/kg  IP,Day 0 x1,14,10/27/2020,11/30/2020,11/30/2020,zhang,2/22/2021,C,Time point 4,12/21/2020,21,B5,6.23,6.11,,,,,18,98,95,2,2,sarcoma_and_renal_arm_6
1816-OS33-1-C28-A1,Data - Solid Tumor ,Version 1.4,1816-OS33-1,OS33,SYD988 6mg/kg  IP,Day 0 x1,14,10/27/2020,11/30/2020,11/30/2020,zhang,2/22/2021,C,Time point 5,12/28/2020,28,A1,9.36,9.23,,,,,20,98,99,2,2,sarcoma_and_renal_arm_6
1816-OS33-1-C28-A3,Data - Solid Tumor ,Version 1.4,1816-OS33-1,OS33,SYD988 6mg/kg  IP,Day 0 x1,14,10/27/2020,11/30/2020,11/30/2020,zhang,2/22/2021,C,Time point 5,12/28/2020,28,A3,10.45,9.78,,,,,19,98,99,2,2,sarcoma_and_renal_arm_6
1816-OS33-1-C28-A4,Data - Solid Tumor ,Version 1.4,1816-OS33-1,OS33,SYD988 6mg/kg  IP,Day 0 x1,14,10/27/2020,11/30/2020,11/30/2020,zhang,2/22/2021,C,Time point 5,12/28/2020,28,A4,7.98,7.21,,,,,19,98,99,2,2,sarcoma_and_renal_arm_6
1816-OS33-1-C28-A5,Data - Solid Tumor ,Version 1.4,1816-OS33-1,OS33,SYD988 6mg/kg  IP,Day 0 x1,14,10/27/2020,11/30/2020,11/30/2020,zhang,2/22/2021,C,Time point 5,12/28/2020,28,A5,9.43,8.92,,,,,20,98,99,2,2,sarcoma_and_renal_arm_6
1816-OS33-1-C28-B1,Data - Solid Tumor ,Version 1.4,1816-OS33-1,OS33,SYD988 6mg/kg  IP,Day 0 x1,14,10/27/2020,11/30/2020,11/30/2020,zhang,2/22/2021,C,Time point 5,12/28/2020,28,B1,8.21,8.11,,,,,20,98,99,2,2,sarcoma_and_renal_arm_6
1816-OS33-1-C28-B2,Data - Solid Tumor ,Version 1.4,1816-OS33-1,OS33,SYD988 6mg/kg  IP,Day 0 x1,14,10/27/2020,11/30/2020,11/30/2020,zhang,2/22/2021,C,Time point 5,12/28/2020,28,B2,7.36,7.14,,,,,19,98,99,2,2,sarcoma_and_renal_arm_6
1816-OS33-1-C28-B3,Data - Solid Tumor ,Version 1.4,1816-OS33-1,OS33,SYD988 6mg/kg  IP,Day 0 x1,14,10/27/2020,11/30/2020,11/30/2020,zhang,2/22/2021,C,Time point 5,12/28/2020,28,B3,7.87,7.78,,,,,20,98,99,2,2,sarcoma_and_renal_arm_6
1816-OS33-1-C28-B4,Data - Solid Tumor ,Version 1.4,1816-OS33-1,OS33,SYD988 6mg/kg  IP,Day 0 x1,14,10/27/2020,11/30/2020,11/30/2020,zhang,2/22/2021,C,Time point 5,12/28/2020,28,B4,7.15,7.05,,,,,21,98,99,2,2,sarcoma_and_renal_arm_6
1816-OS33-1-C28-B5,Data - Solid Tumor ,Version 1.4,1816-OS33-1,OS33,SYD988 6mg/kg  IP,Day 0 x1,14,10/27/2020,11/30/2020,11/30/2020,zhang,2/22/2021,C,Time point 5,12/28/2020,28,B5,7.91,7.19,,,,,19,98,99,2,2,sarcoma_and_renal_arm_6
1816-OS33-1-C35-A1,Data - Solid Tumor ,Version 1.4,1816-OS33-1,OS33,SYD988 6mg/kg  IP,Day 0 x1,14,10/27/2020,11/30/2020,11/30/2020,zhang,2/22/2021,C,Time point 6,1/4/2021,35,A1,11.83,11.16,,,,,20,59,101,2,2,sarcoma_and_renal_arm_6
1816-OS33-1-C35-A4,Data - Solid Tumor ,Version 1.4,1816-OS33-1,OS33,SYD988 6mg/kg  IP,Day 0 x1,14,10/27/2020,11/30/2020,11/30/2020,zhang,2/22/2021,C,Time point 6,1/4/2021,35,A4,11.67,11.45,,,,,19,59,101,2,2,sarcoma_and_renal_arm_6
1816-OS33-1-C35-A5,Data - Solid Tumor ,Version 1.4,1816-OS33-1,OS33,SYD988 6mg/kg  IP,Day 0 x1,14,10/27/2020,11/30/2020,11/30/2020,zhang,2/22/2021,C,Time point 6,1/4/2021,35,A5,11.56,10.62,,,,,20,59,101,2,2,sarcoma_and_renal_arm_6
1816-OS33-1-C35-B1,Data - Solid Tumor ,Version 1.4,1816-OS33-1,OS33,SYD988 6mg/kg  IP,Day 0 x1,14,10/27/2020,11/30/2020,11/30/2020,zhang,2/22/2021,C,Time point 6,1/4/2021,35,B1,11.28,10.61,,,,,20,59,101,2,2,sarcoma_and_renal_arm_6
1816-OS33-1-C35-B2,Data - Solid Tumor ,Version 1.4,1816-OS33-1,OS33,SYD988 6mg/kg  IP,Day 0 x1,14,10/27/2020,11/30/2020,11/30/2020,zhang,2/22/2021,C,Time point 6,1/4/2021,35,B2,10.51,9.87,,,,,20,59,101,2,2,sarcoma_and_renal_arm_6
1816-OS33-1-C35-B3,Data - Solid Tumor ,Version 1.4,1816-OS33-1,OS33,SYD988 6mg/kg  IP,Day 0 x1,14,10/27/2020,11/30/2020,11/30/2020,zhang,2/22/2021,C,Time point 6,1/4/2021,35,B3,10.13,10.05,,,,,20,59,101,2,2,sarcoma_and_renal_arm_6
1816-OS33-1-C35-B4,Data - Solid Tumor ,Version 1.4,1816-OS33-1,OS33,SYD988 6mg/kg  IP,Day 0 x1,14,10/27/2020,11/30/2020,11/30/2020,zhang,2/22/2021,C,Time point 6,1/4/2021,35,B4,11.81,11.13,,,,,21,59,101,2,2,sarcoma_and_renal_arm_6
1816-OS33-1-C35-B5,Data - Solid Tumor ,Version 1.4,1816-OS33-1,OS33,SYD988 6mg/kg  IP,Day 0 x1,14,10/27/2020,11/30/2020,11/30/2020,zhang,2/22/2021,C,Time point 6,1/4/2021,35,B5,10.71,10.11,,,,,20,59,101,2,2,sarcoma_and_renal_arm_6
